Timestamp,Activity_Count,mod7,Hour,Minute,DayOfWeek,Weekend
2025-04-04 14:00:00,0,2,14,0,4,False
2025-04-04 14:10:00,0,3,14,10,4,False
2025-04-04 14:20:00,0,4,14,20,4,False
2025-04-04 14:30:00,0,5,14,30,4,False
2025-04-04 14:40:00,0,6,14,40,4,False
2025-04-04 15:10:00,0,2,15,10,4,False
2025-04-04 15:20:00,0,3,15,20,4,False
2025-04-04 15:30:00,0,4,15,30,4,False
2025-04-04 15:40:00,54,5,15,40,4,False
2025-04-04 15:50:00,14,6,15,50,4,False
2025-04-04 16:20:00,6,2,16,20,4,False
2025-04-04 16:30:00,54,3,16,30,4,False
2025-04-04 16:40:00,1,4,16,40,4,False
2025-04-04 16:50:00,0,5,16,50,4,False
2025-04-04 17:00:00,2,6,17,0,4,False
2025-04-04 17:30:00,0,2,17,30,4,False
2025-04-04 17:40:00,1,3,17,40,4,False
2025-04-04 17:50:00,8,4,17,50,4,False
2025-04-04 18:00:00,12,5,18,0,4,False
2025-04-04 18:10:00,5,6,18,10,4,False
2025-04-04 18:40:00,0,2,18,40,4,False
2025-04-04 18:50:00,4,3,18,50,4,False
2025-04-04 19:00:00,6,4,19,0,4,False
2025-04-04 19:10:00,5,5,19,10,4,False
2025-04-04 19:20:00,0,6,19,20,4,False
2025-04-04 19:50:00,0,2,19,50,4,False
2025-04-04 20:00:00,0,3,20,0,4,False
2025-04-04 20:10:00,0,4,20,10,4,False
2025-04-04 20:20:00,5,5,20,20,4,False
2025-04-04 20:30:00,0,6,20,30,4,False
2025-04-04 21:00:00,0,2,21,0,4,False
2025-04-04 21:10:00,0,3,21,10,4,False
2025-04-04 21:20:00,0,4,21,20,4,False
2025-04-04 21:30:00,0,5,21,30,4,False
2025-04-04 21:40:00,1,6,21,40,4,False
2025-04-04 22:10:00,0,2,22,10,4,False
2025-04-04 22:20:00,0,3,22,20,4,False
2025-04-04 22:30:00,0,4,22,30,4,False
2025-04-04 22:40:00,0,5,22,40,4,False
2025-04-04 22:50:00,0,6,22,50,4,False
2025-04-04 23:20:00,0,2,23,20,4,False
2025-04-04 23:30:00,0,3,23,30,4,False
2025-04-04 23:40:00,0,4,23,40,4,False
2025-04-04 23:50:00,0,5,23,50,4,False
2025-04-05 00:00:00,0,6,0,0,5,True
2025-04-05 00:30:00,0,2,0,30,5,True
2025-04-05 00:40:00,0,3,0,40,5,True
2025-04-05 00:50:00,0,4,0,50,5,True
2025-04-05 01:00:00,1,5,1,0,5,True
2025-04-05 01:10:00,0,6,1,10,5,True
2025-04-05 01:40:00,0,2,1,40,5,True
2025-04-05 01:50:00,0,3,1,50,5,True
2025-04-05 02:00:00,0,4,2,0,5,True
2025-04-05 02:10:00,0,5,2,10,5,True
2025-04-05 02:20:00,0,6,2,20,5,True
2025-04-05 02:50:00,1,2,2,50,5,True
2025-04-05 03:00:00,0,3,3,0,5,True
2025-04-05 03:10:00,1,4,3,10,5,True
2025-04-05 03:20:00,0,5,3,20,5,True
2025-04-05 03:30:00,0,6,3,30,5,True
2025-04-05 04:00:00,0,2,4,0,5,True
2025-04-05 04:10:00,0,3,4,10,5,True
2025-04-05 04:20:00,0,4,4,20,5,True
2025-04-05 04:30:00,0,5,4,30,5,True
2025-04-05 04:40:00,0,6,4,40,5,True
2025-04-05 05:10:00,0,2,5,10,5,True
2025-04-05 05:20:00,0,3,5,20,5,True
2025-04-05 05:30:00,0,4,5,30,5,True
2025-04-05 05:40:00,0,5,5,40,5,True
2025-04-05 05:50:00,0,6,5,50,5,True
2025-04-05 06:20:00,0,2,6,20,5,True
2025-04-05 06:30:00,0,3,6,30,5,True
2025-04-05 06:40:00,0,4,6,40,5,True
2025-04-05 06:50:00,0,5,6,50,5,True
2025-04-05 07:00:00,0,6,7,0,5,True
2025-04-05 07:30:00,5,2,7,30,5,True
2025-04-05 07:40:00,0,3,7,40,5,True
2025-04-05 07:50:00,1,4,7,50,5,True
2025-04-05 08:00:00,40,5,8,0,5,True
2025-04-05 08:10:00,0,6,8,10,5,True
2025-04-05 08:40:00,1,2,8,40,5,True
2025-04-05 08:50:00,2,3,8,50,5,True
2025-04-05 09:00:00,0,4,9,0,5,True
2025-04-05 09:10:00,0,5,9,10,5,True
2025-04-05 09:20:00,0,6,9,20,5,True
2025-04-05 09:50:00,2,2,9,50,5,True
2025-04-05 10:00:00,2,3,10,0,5,True
2025-04-05 10:10:00,0,4,10,10,5,True
2025-04-05 10:20:00,3,5,10,20,5,True
2025-04-05 10:30:00,1,6,10,30,5,True
2025-04-05 11:00:00,2,2,11,0,5,True
2025-04-05 11:10:00,12,3,11,10,5,True
2025-04-05 11:20:00,4,4,11,20,5,True
2025-04-05 11:30:00,3,5,11,30,5,True
2025-04-05 11:40:00,6,6,11,40,5,True
2025-04-05 12:10:00,1,2,12,10,5,True
2025-04-05 12:20:00,1,3,12,20,5,True
2025-04-05 12:30:00,1,4,12,30,5,True
2025-04-05 12:40:00,2,5,12,40,5,True
2025-04-05 12:50:00,1,6,12,50,5,True
2025-04-05 13:20:00,4,2,13,20,5,True
2025-04-05 13:30:00,0,3,13,30,5,True
2025-04-05 13:40:00,10,4,13,40,5,True
2025-04-05 13:50:00,13,5,13,50,5,True
2025-04-05 14:00:00,4,6,14,0,5,True
2025-04-05 14:30:00,1,2,14,30,5,True
2025-04-05 14:40:00,0,3,14,40,5,True
2025-04-05 14:50:00,1,4,14,50,5,True
2025-04-05 15:00:00,2,5,15,0,5,True
2025-04-05 15:10:00,0,6,15,10,5,True
2025-04-05 15:40:00,7,2,15,40,5,True
2025-04-05 15:50:00,3,3,15,50,5,True
2025-04-05 16:00:00,14,4,16,0,5,True
2025-04-05 16:10:00,0,5,16,10,5,True
2025-04-05 16:20:00,2,6,16,20,5,True
2025-04-05 16:50:00,0,2,16,50,5,True
2025-04-05 17:00:00,1,3,17,0,5,True
2025-04-05 17:10:00,6,4,17,10,5,True
2025-04-05 17:20:00,4,5,17,20,5,True
2025-04-05 17:30:00,9,6,17,30,5,True
2025-04-05 18:00:00,2,2,18,0,5,True
2025-04-05 18:10:00,4,3,18,10,5,True
2025-04-05 18:20:00,8,4,18,20,5,True
2025-04-05 18:30:00,132,5,18,30,5,True
2025-04-05 18:40:00,201,6,18,40,5,True
2025-04-05 19:10:00,0,2,19,10,5,True
2025-04-05 19:20:00,0,3,19,20,5,True
2025-04-05 19:30:00,0,4,19,30,5,True
2025-04-05 19:40:00,0,5,19,40,5,True
2025-04-05 19:50:00,0,6,19,50,5,True
2025-04-05 20:20:00,0,2,20,20,5,True
2025-04-05 20:30:00,0,3,20,30,5,True
2025-04-05 20:40:00,0,4,20,40,5,True
2025-04-05 20:50:00,0,5,20,50,5,True
2025-04-05 21:00:00,0,6,21,0,5,True
2025-04-05 21:30:00,0,2,21,30,5,True
2025-04-05 21:40:00,0,3,21,40,5,True
2025-04-05 21:50:00,0,4,21,50,5,True
2025-04-05 22:00:00,0,5,22,0,5,True
2025-04-05 22:10:00,0,6,22,10,5,True
2025-04-05 22:40:00,0,2,22,40,5,True
2025-04-05 22:50:00,0,3,22,50,5,True
2025-04-05 23:00:00,0,4,23,0,5,True
2025-04-05 23:10:00,0,5,23,10,5,True
2025-04-05 23:20:00,0,6,23,20,5,True
2025-04-05 23:50:00,1,2,23,50,5,True
2025-04-06 00:00:00,96,3,0,0,6,True
2025-04-06 00:10:00,0,4,0,10,6,True
2025-04-06 00:20:00,0,5,0,20,6,True
2025-04-06 00:30:00,0,6,0,30,6,True
2025-04-06 01:00:00,0,2,1,0,6,True
2025-04-06 01:10:00,0,3,1,10,6,True
2025-04-06 01:20:00,0,4,1,20,6,True
2025-04-06 01:30:00,0,5,1,30,6,True
2025-04-06 01:40:00,0,6,1,40,6,True
2025-04-06 02:10:00,0,2,2,10,6,True
2025-04-06 02:20:00,0,3,2,20,6,True
2025-04-06 02:30:00,0,4,2,30,6,True
2025-04-06 02:40:00,0,5,2,40,6,True
2025-04-06 02:50:00,0,6,2,50,6,True
2025-04-06 03:20:00,0,2,3,20,6,True
2025-04-06 03:30:00,0,3,3,30,6,True
2025-04-06 03:40:00,0,4,3,40,6,True
2025-04-06 03:50:00,0,5,3,50,6,True
2025-04-06 04:00:00,0,6,4,0,6,True
2025-04-06 04:30:00,0,2,4,30,6,True
2025-04-06 04:40:00,0,3,4,40,6,True
2025-04-06 04:50:00,0,4,4,50,6,True
2025-04-06 05:00:00,0,5,5,0,6,True
2025-04-06 05:10:00,0,6,5,10,6,True
2025-04-06 05:40:00,0,2,5,40,6,True
2025-04-06 05:50:00,0,3,5,50,6,True
2025-04-06 06:00:00,0,4,6,0,6,True
2025-04-06 06:10:00,0,5,6,10,6,True
2025-04-06 06:20:00,0,6,6,20,6,True
2025-04-06 06:50:00,0,2,6,50,6,True
2025-04-06 07:00:00,0,3,7,0,6,True
2025-04-06 07:10:00,0,4,7,10,6,True
2025-04-06 07:20:00,0,5,7,20,6,True
2025-04-06 07:30:00,0,6,7,30,6,True
2025-04-06 08:00:00,0,2,8,0,6,True
2025-04-06 08:10:00,0,3,8,10,6,True
2025-04-06 08:20:00,0,4,8,20,6,True
2025-04-06 08:30:00,0,5,8,30,6,True
2025-04-06 08:40:00,0,6,8,40,6,True
2025-04-06 09:10:00,0,2,9,10,6,True
2025-04-06 09:20:00,0,3,9,20,6,True
2025-04-06 09:30:00,0,4,9,30,6,True
2025-04-06 09:40:00,0,5,9,40,6,True
2025-04-06 09:50:00,0,6,9,50,6,True
2025-04-06 10:20:00,0,2,10,20,6,True
2025-04-06 10:30:00,0,3,10,30,6,True
2025-04-06 10:40:00,0,4,10,40,6,True
2025-04-06 10:50:00,0,5,10,50,6,True
2025-04-06 11:00:00,0,6,11,0,6,True
2025-04-06 11:30:00,0,2,11,30,6,True
2025-04-06 11:40:00,0,3,11,40,6,True
2025-04-06 11:50:00,0,4,11,50,6,True
2025-04-06 12:00:00,0,5,12,0,6,True
2025-04-06 12:10:00,0,6,12,10,6,True
2025-04-06 12:40:00,0,2,12,40,6,True
2025-04-06 12:50:00,0,3,12,50,6,True
2025-04-06 13:00:00,0,4,13,0,6,True
2025-04-06 13:10:00,0,5,13,10,6,True
2025-04-06 13:20:00,0,6,13,20,6,True
2025-04-06 13:50:00,0,2,13,50,6,True
2025-04-06 14:00:00,0,3,14,0,6,True
2025-04-06 14:10:00,53,4,14,10,6,True
2025-04-06 14:20:00,6,5,14,20,6,True
2025-04-06 14:30:00,10,6,14,30,6,True
2025-04-06 15:00:00,0,2,15,0,6,True
2025-04-06 15:10:00,0,3,15,10,6,True
2025-04-06 15:20:00,0,4,15,20,6,True
2025-04-06 15:30:00,0,5,15,30,6,True
2025-04-06 15:40:00,0,6,15,40,6,True
2025-04-06 16:10:00,0,2,16,10,6,True
2025-04-06 16:20:00,2,3,16,20,6,True
2025-04-06 16:30:00,0,4,16,30,6,True
2025-04-06 16:40:00,0,5,16,40,6,True
2025-04-06 16:50:00,0,6,16,50,6,True
2025-04-06 17:20:00,0,2,17,20,6,True
2025-04-06 17:30:00,0,3,17,30,6,True
2025-04-06 17:40:00,0,4,17,40,6,True
2025-04-06 17:50:00,0,5,17,50,6,True
2025-04-06 18:00:00,6,6,18,0,6,True
2025-04-06 18:30:00,0,2,18,30,6,True
2025-04-06 18:40:00,3,3,18,40,6,True
2025-04-06 18:50:00,0,4,18,50,6,True
2025-04-06 19:00:00,0,5,19,0,6,True
2025-04-06 19:10:00,0,6,19,10,6,True
2025-04-06 19:40:00,0,2,19,40,6,True
2025-04-06 19:50:00,0,3,19,50,6,True
2025-04-06 20:00:00,0,4,20,0,6,True
2025-04-06 20:10:00,0,5,20,10,6,True
2025-04-06 20:20:00,0,6,20,20,6,True
2025-04-06 20:50:00,0,2,20,50,6,True
2025-04-06 21:00:00,0,3,21,0,6,True
2025-04-06 21:10:00,0,4,21,10,6,True
2025-04-06 21:20:00,0,5,21,20,6,True
2025-04-06 21:30:00,0,6,21,30,6,True
2025-04-06 22:00:00,0,2,22,0,6,True
2025-04-06 22:10:00,0,3,22,10,6,True
2025-04-06 22:20:00,0,4,22,20,6,True
2025-04-06 22:30:00,0,5,22,30,6,True
2025-04-06 22:40:00,0,6,22,40,6,True
2025-04-06 23:10:00,0,2,23,10,6,True
2025-04-06 23:20:00,0,3,23,20,6,True
2025-04-06 23:30:00,0,4,23,30,6,True
2025-04-06 23:40:00,0,5,23,40,6,True
2025-04-06 23:50:00,0,6,23,50,6,True
2025-04-07 00:20:00,0,2,0,20,0,False
2025-04-07 00:30:00,0,3,0,30,0,False
2025-04-07 00:40:00,0,4,0,40,0,False
2025-04-07 00:50:00,0,5,0,50,0,False
2025-04-07 01:00:00,0,6,1,0,0,False
2025-04-07 01:30:00,0,2,1,30,0,False
2025-04-07 01:40:00,0,3,1,40,0,False
2025-04-07 01:50:00,0,4,1,50,0,False
2025-04-07 02:00:00,0,5,2,0,0,False
2025-04-07 02:10:00,0,6,2,10,0,False
2025-04-07 02:40:00,0,2,2,40,0,False
2025-04-07 02:50:00,0,3,2,50,0,False
2025-04-07 03:00:00,0,4,3,0,0,False
2025-04-07 03:10:00,0,5,3,10,0,False
2025-04-07 03:20:00,0,6,3,20,0,False
2025-04-07 03:50:00,0,2,3,50,0,False
2025-04-07 04:00:00,0,3,4,0,0,False
2025-04-07 04:10:00,0,4,4,10,0,False
2025-04-07 04:20:00,0,5,4,20,0,False
2025-04-07 04:30:00,0,6,4,30,0,False
2025-04-07 05:00:00,0,2,5,0,0,False
2025-04-07 05:10:00,0,3,5,10,0,False
2025-04-07 05:20:00,0,4,5,20,0,False
2025-04-07 05:30:00,0,5,5,30,0,False
2025-04-07 05:40:00,0,6,5,40,0,False
2025-04-07 06:10:00,0,2,6,10,0,False
2025-04-07 06:20:00,0,3,6,20,0,False
2025-04-07 06:30:00,0,4,6,30,0,False
2025-04-07 06:40:00,0,5,6,40,0,False
2025-04-07 06:50:00,0,6,6,50,0,False
2025-04-07 07:20:00,0,2,7,20,0,False
2025-04-07 07:30:00,0,3,7,30,0,False
2025-04-07 07:40:00,56,4,7,40,0,False
2025-04-07 07:50:00,316,5,7,50,0,False
2025-04-07 08:00:00,0,6,8,0,0,False
2025-04-07 08:30:00,0,2,8,30,0,False
2025-04-07 08:40:00,0,3,8,40,0,False
2025-04-07 08:50:00,0,4,8,50,0,False
2025-04-07 09:00:00,0,5,9,0,0,False
2025-04-07 09:10:00,0,6,9,10,0,False
2025-04-07 09:40:00,0,2,9,40,0,False
2025-04-07 09:50:00,0,3,9,50,0,False
2025-04-07 10:00:00,0,4,10,0,0,False
2025-04-07 10:10:00,0,5,10,10,0,False
2025-04-07 10:20:00,0,6,10,20,0,False
2025-04-07 10:50:00,0,2,10,50,0,False
2025-04-07 11:00:00,0,3,11,0,0,False
2025-04-07 11:10:00,0,4,11,10,0,False
2025-04-07 11:20:00,0,5,11,20,0,False
2025-04-07 11:30:00,0,6,11,30,0,False
2025-04-07 12:00:00,1,2,12,0,0,False
2025-04-07 12:10:00,1,3,12,10,0,False
2025-04-07 12:20:00,3,4,12,20,0,False
2025-04-07 12:30:00,7,5,12,30,0,False
2025-04-07 12:40:00,2,6,12,40,0,False
2025-04-07 13:10:00,3,2,13,10,0,False
2025-04-07 13:20:00,5,3,13,20,0,False
2025-04-07 13:30:00,1,4,13,30,0,False
2025-04-07 13:40:00,4,5,13,40,0,False
2025-04-07 13:50:00,0,6,13,50,0,False
2025-04-07 14:20:00,0,2,14,20,0,False
2025-04-07 14:30:00,14,3,14,30,0,False
2025-04-07 14:40:00,330,4,14,40,0,False
2025-04-07 14:50:00,338,5,14,50,0,False
2025-04-07 15:00:00,102,6,15,0,0,False
2025-04-07 15:30:00,1,2,15,30,0,False
2025-04-07 15:40:00,0,3,15,40,0,False
2025-04-07 15:50:00,0,4,15,50,0,False
2025-04-07 16:00:00,5,5,16,0,0,False
2025-04-07 16:10:00,0,6,16,10,0,False
2025-04-07 16:40:00,8,2,16,40,0,False
2025-04-07 16:50:00,13,3,16,50,0,False
2025-04-07 17:00:00,19,4,17,0,0,False
2025-04-07 17:10:00,0,5,17,10,0,False
2025-04-07 17:20:00,2,6,17,20,0,False
2025-04-07 17:50:00,5,2,17,50,0,False
2025-04-07 18:00:00,5,3,18,0,0,False
2025-04-07 18:10:00,1,4,18,10,0,False
2025-04-07 18:20:00,0,5,18,20,0,False
2025-04-07 18:30:00,1,6,18,30,0,False
2025-04-07 19:00:00,2,2,19,0,0,False
2025-04-07 19:10:00,0,3,19,10,0,False
2025-04-07 19:20:00,0,4,19,20,0,False
2025-04-07 19:30:00,0,5,19,30,0,False
2025-04-07 19:40:00,3,6,19,40,0,False
2025-04-07 20:10:00,1,2,20,10,0,False
2025-04-07 20:20:00,0,3,20,20,0,False
2025-04-07 20:30:00,8,4,20,30,0,False
2025-04-07 20:40:00,1,5,20,40,0,False
2025-04-07 20:50:00,0,6,20,50,0,False
2025-04-07 21:20:00,54,2,21,20,0,False
2025-04-07 21:30:00,257,3,21,30,0,False
2025-04-07 21:40:00,7,4,21,40,0,False
2025-04-07 21:50:00,0,5,21,50,0,False
2025-04-07 22:00:00,67,6,22,0,0,False
2025-04-07 22:30:00,1,2,22,30,0,False
2025-04-07 22:40:00,5,3,22,40,0,False
2025-04-07 22:50:00,0,4,22,50,0,False
2025-04-07 23:00:00,0,5,23,0,0,False
2025-04-07 23:10:00,1,6,23,10,0,False
2025-04-07 23:40:00,0,2,23,40,0,False
2025-04-07 23:50:00,1,3,23,50,0,False
2025-04-08 00:00:00,0,4,0,0,1,False
2025-04-08 00:10:00,0,5,0,10,1,False
2025-04-08 00:20:00,0,6,0,20,1,False
2025-04-08 00:50:00,0,2,0,50,1,False
2025-04-08 01:00:00,0,3,1,0,1,False
2025-04-08 01:10:00,0,4,1,10,1,False
2025-04-08 01:20:00,0,5,1,20,1,False
2025-04-08 01:30:00,0,6,1,30,1,False
2025-04-08 02:00:00,0,2,2,0,1,False
2025-04-08 02:10:00,0,3,2,10,1,False
2025-04-08 02:20:00,0,4,2,20,1,False
2025-04-08 02:30:00,1,5,2,30,1,False
2025-04-08 02:40:00,0,6,2,40,1,False
2025-04-08 03:10:00,0,2,3,10,1,False
2025-04-08 03:20:00,0,3,3,20,1,False
2025-04-08 03:30:00,0,4,3,30,1,False
2025-04-08 03:40:00,1,5,3,40,1,False
2025-04-08 03:50:00,0,6,3,50,1,False
2025-04-08 04:20:00,1,2,4,20,1,False
2025-04-08 04:30:00,0,3,4,30,1,False
2025-04-08 04:40:00,0,4,4,40,1,False
2025-04-08 04:50:00,0,5,4,50,1,False
2025-04-08 05:00:00,0,6,5,0,1,False
2025-04-08 05:30:00,0,2,5,30,1,False
2025-04-08 05:40:00,0,3,5,40,1,False
2025-04-08 05:50:00,1,4,5,50,1,False
2025-04-08 06:00:00,0,5,6,0,1,False
2025-04-08 06:10:00,0,6,6,10,1,False
2025-04-08 06:40:00,0,2,6,40,1,False
2025-04-08 06:50:00,0,3,6,50,1,False
2025-04-08 07:00:00,0,4,7,0,1,False
2025-04-08 07:10:00,0,5,7,10,1,False
2025-04-08 07:20:00,0,6,7,20,1,False
2025-04-08 07:50:00,3,2,7,50,1,False
2025-04-08 08:00:00,0,3,8,0,1,False
2025-04-08 08:10:00,0,4,8,10,1,False
2025-04-08 08:20:00,0,5,8,20,1,False
2025-04-08 08:30:00,1,6,8,30,1,False
2025-04-08 09:00:00,0,2,9,0,1,False
2025-04-08 09:10:00,6,3,9,10,1,False
2025-04-08 09:20:00,0,4,9,20,1,False
2025-04-08 09:30:00,2,5,9,30,1,False
2025-04-08 09:40:00,18,6,9,40,1,False
2025-04-08 10:10:00,60,2,10,10,1,False
2025-04-08 10:20:00,1,3,10,20,1,False
2025-04-08 10:30:00,0,4,10,30,1,False
2025-04-08 10:40:00,0,5,10,40,1,False
2025-04-08 10:50:00,1,6,10,50,1,False
2025-04-08 11:20:00,2,2,11,20,1,False
2025-04-08 11:30:00,3,3,11,30,1,False
2025-04-08 11:40:00,55,4,11,40,1,False
2025-04-08 11:50:00,24,5,11,50,1,False
2025-04-08 12:00:00,2,6,12,0,1,False
2025-04-08 12:30:00,4,2,12,30,1,False
2025-04-08 12:40:00,3,3,12,40,1,False
2025-04-08 12:50:00,2,4,12,50,1,False
2025-04-08 13:00:00,45,5,13,0,1,False
2025-04-08 13:10:00,0,6,13,10,1,False
2025-04-08 13:40:00,4,2,13,40,1,False
2025-04-08 13:50:00,51,3,13,50,1,False
2025-04-08 14:00:00,7,4,14,0,1,False
2025-04-08 14:10:00,42,5,14,10,1,False
2025-04-08 14:20:00,5,6,14,20,1,False
2025-04-08 14:50:00,4,2,14,50,1,False
2025-04-08 15:00:00,0,3,15,0,1,False
2025-04-08 15:10:00,2,4,15,10,1,False
2025-04-08 15:20:00,1,5,15,20,1,False
2025-04-08 15:30:00,3,6,15,30,1,False
2025-04-08 16:00:00,29,2,16,0,1,False
2025-04-08 16:10:00,0,3,16,10,1,False
2025-04-08 16:20:00,14,4,16,20,1,False
2025-04-08 16:30:00,27,5,16,30,1,False
2025-04-08 16:40:00,1,6,16,40,1,False
2025-04-08 17:10:00,2,2,17,10,1,False
2025-04-08 17:20:00,2,3,17,20,1,False
2025-04-08 17:30:00,1,4,17,30,1,False
2025-04-08 17:40:00,1,5,17,40,1,False
2025-04-08 17:50:00,8,6,17,50,1,False
2025-04-08 18:20:00,1,2,18,20,1,False
2025-04-08 18:30:00,1,3,18,30,1,False
2025-04-08 18:40:00,1,4,18,40,1,False
2025-04-08 18:50:00,0,5,18,50,1,False
2025-04-08 19:00:00,1,6,19,0,1,False
2025-04-08 19:30:00,2,2,19,30,1,False
2025-04-08 19:40:00,1,3,19,40,1,False
2025-04-08 19:50:00,0,4,19,50,1,False
2025-04-08 20:00:00,3,5,20,0,1,False
2025-04-08 20:10:00,1,6,20,10,1,False
2025-04-08 20:40:00,0,2,20,40,1,False
2025-04-08 20:50:00,1,3,20,50,1,False
2025-04-08 21:00:00,3,4,21,0,1,False
2025-04-08 21:10:00,1,5,21,10,1,False
2025-04-08 21:20:00,0,6,21,20,1,False
2025-04-08 21:50:00,0,2,21,50,1,False
2025-04-08 22:00:00,0,3,22,0,1,False
2025-04-08 22:10:00,0,4,22,10,1,False
2025-04-08 22:20:00,0,5,22,20,1,False
2025-04-08 22:30:00,0,6,22,30,1,False
2025-04-08 23:00:00,0,2,23,0,1,False
2025-04-08 23:10:00,3,3,23,10,1,False
2025-04-08 23:20:00,0,4,23,20,1,False
2025-04-08 23:30:00,0,5,23,30,1,False
2025-04-08 23:40:00,0,6,23,40,1,False
2025-04-09 00:10:00,0,2,0,10,2,False
2025-04-09 00:20:00,0,3,0,20,2,False
2025-04-09 00:30:00,0,4,0,30,2,False
2025-04-09 00:40:00,0,5,0,40,2,False
2025-04-09 00:50:00,0,6,0,50,2,False
2025-04-09 01:20:00,0,2,1,20,2,False
2025-04-09 01:30:00,0,3,1,30,2,False
2025-04-09 01:40:00,0,4,1,40,2,False
2025-04-09 01:50:00,0,5,1,50,2,False
2025-04-09 02:00:00,0,6,2,0,2,False
2025-04-09 02:30:00,0,2,2,30,2,False
2025-04-09 02:40:00,0,3,2,40,2,False
2025-04-09 02:50:00,0,4,2,50,2,False
2025-04-09 03:00:00,0,5,3,0,2,False
2025-04-09 03:10:00,0,6,3,10,2,False
2025-04-09 03:40:00,0,2,3,40,2,False
2025-04-09 03:50:00,0,3,3,50,2,False
2025-04-09 04:00:00,0,4,4,0,2,False
2025-04-09 04:10:00,0,5,4,10,2,False
2025-04-09 04:20:00,0,6,4,20,2,False
2025-04-09 04:50:00,0,2,4,50,2,False
2025-04-09 05:00:00,0,3,5,0,2,False
2025-04-09 05:10:00,0,4,5,10,2,False
2025-04-09 05:20:00,0,5,5,20,2,False
2025-04-09 05:30:00,0,6,5,30,2,False
2025-04-09 06:00:00,0,2,6,0,2,False
2025-04-09 06:10:00,0,3,6,10,2,False
2025-04-09 06:20:00,0,4,6,20,2,False
2025-04-09 06:30:00,0,5,6,30,2,False
2025-04-09 06:40:00,0,6,6,40,2,False
2025-04-09 07:10:00,1,2,7,10,2,False
2025-04-09 07:20:00,1,3,7,20,2,False
2025-04-09 07:30:00,0,4,7,30,2,False
2025-04-09 07:40:00,14,5,7,40,2,False
2025-04-09 07:50:00,0,6,7,50,2,False
2025-04-09 08:20:00,1,2,8,20,2,False
2025-04-09 08:30:00,0,3,8,30,2,False
2025-04-09 08:40:00,10,4,8,40,2,False
2025-04-09 08:50:00,1,5,8,50,2,False
2025-04-09 09:00:00,0,6,9,0,2,False
2025-04-09 09:30:00,2,2,9,30,2,False
2025-04-09 09:40:00,3,3,9,40,2,False
2025-04-09 09:50:00,1,4,9,50,2,False
2025-04-09 10:00:00,2,5,10,0,2,False
2025-04-09 10:10:00,1,6,10,10,2,False
2025-04-09 10:40:00,3,2,10,40,2,False
2025-04-09 10:50:00,5,3,10,50,2,False
2025-04-09 11:00:00,10,4,11,0,2,False
2025-04-09 11:10:00,1,5,11,10,2,False
2025-04-09 11:20:00,0,6,11,20,2,False
2025-04-09 11:50:00,13,2,11,50,2,False
2025-04-09 12:00:00,102,3,12,0,2,False
2025-04-09 12:10:00,253,4,12,10,2,False
2025-04-09 12:20:00,83,5,12,20,2,False
2025-04-09 12:30:00,86,6,12,30,2,False
2025-04-09 13:00:00,90,2,13,0,2,False
2025-04-09 13:10:00,0,3,13,10,2,False
2025-04-09 13:20:00,4,4,13,20,2,False
2025-04-09 13:30:00,0,5,13,30,2,False
2025-04-09 13:40:00,308,6,13,40,2,False
2025-04-09 14:10:00,0,2,14,10,2,False
2025-04-09 14:20:00,5,3,14,20,2,False
2025-04-09 14:30:00,79,4,14,30,2,False
2025-04-09 14:40:00,2,5,14,40,2,False
2025-04-09 14:50:00,0,6,14,50,2,False
2025-04-09 15:20:00,3,2,15,20,2,False
2025-04-09 15:30:00,1,3,15,30,2,False
2025-04-09 15:40:00,0,4,15,40,2,False
2025-04-09 15:50:00,3,5,15,50,2,False
2025-04-09 16:00:00,128,6,16,0,2,False
2025-04-09 16:30:00,32,2,16,30,2,False
2025-04-09 16:40:00,15,3,16,40,2,False
2025-04-09 16:50:00,34,4,16,50,2,False
2025-04-09 17:00:00,66,5,17,0,2,False
2025-04-09 17:10:00,51,6,17,10,2,False
2025-04-09 17:40:00,1,2,17,40,2,False
2025-04-09 17:50:00,0,3,17,50,2,False
2025-04-09 18:00:00,0,4,18,0,2,False
2025-04-09 18:10:00,0,5,18,10,2,False
2025-04-09 18:20:00,0,6,18,20,2,False
2025-04-09 18:50:00,0,2,18,50,2,False
2025-04-09 19:00:00,0,3,19,0,2,False
2025-04-09 19:10:00,0,4,19,10,2,False
2025-04-09 19:20:00,0,5,19,20,2,False
2025-04-09 19:30:00,0,6,19,30,2,False
2025-04-09 20:00:00,0,2,20,0,2,False
2025-04-09 20:10:00,4,3,20,10,2,False
2025-04-09 20:20:00,0,4,20,20,2,False
2025-04-09 20:30:00,0,5,20,30,2,False
2025-04-09 20:40:00,0,6,20,40,2,False
2025-04-09 21:10:00,0,2,21,10,2,False
2025-04-09 21:20:00,66,3,21,20,2,False
2025-04-09 21:30:00,14,4,21,30,2,False
2025-04-09 21:40:00,58,5,21,40,2,False
2025-04-09 21:50:00,3,6,21,50,2,False
2025-04-09 22:20:00,1,2,22,20,2,False
2025-04-09 22:30:00,0,3,22,30,2,False
2025-04-09 22:40:00,0,4,22,40,2,False
2025-04-09 22:50:00,0,5,22,50,2,False
2025-04-09 23:00:00,0,6,23,0,2,False
2025-04-09 23:30:00,0,2,23,30,2,False
2025-04-09 23:40:00,0,3,23,40,2,False
2025-04-09 23:50:00,0,4,23,50,2,False
2025-04-10 00:00:00,0,5,0,0,3,False
2025-04-10 00:10:00,0,6,0,10,3,False
2025-04-10 00:40:00,0,2,0,40,3,False
2025-04-10 00:50:00,0,3,0,50,3,False
2025-04-10 01:00:00,0,4,1,0,3,False
2025-04-10 01:10:00,0,5,1,10,3,False
2025-04-10 01:20:00,0,6,1,20,3,False
2025-04-10 01:50:00,0,2,1,50,3,False
2025-04-10 02:00:00,0,3,2,0,3,False
2025-04-10 02:10:00,0,4,2,10,3,False
2025-04-10 02:20:00,0,5,2,20,3,False
2025-04-10 02:30:00,0,6,2,30,3,False
2025-04-10 03:00:00,0,2,3,0,3,False
2025-04-10 03:10:00,0,3,3,10,3,False
2025-04-10 03:20:00,0,4,3,20,3,False
2025-04-10 03:30:00,0,5,3,30,3,False
2025-04-10 03:40:00,0,6,3,40,3,False
2025-04-10 04:10:00,0,2,4,10,3,False
2025-04-10 04:20:00,0,3,4,20,3,False
2025-04-10 04:30:00,1,4,4,30,3,False
2025-04-10 04:40:00,0,5,4,40,3,False
2025-04-10 04:50:00,0,6,4,50,3,False
2025-04-10 05:20:00,0,2,5,20,3,False
2025-04-10 05:30:00,0,3,5,30,3,False
2025-04-10 05:40:00,0,4,5,40,3,False
2025-04-10 05:50:00,0,5,5,50,3,False
2025-04-10 06:00:00,0,6,6,0,3,False
2025-04-10 06:30:00,0,2,6,30,3,False
2025-04-10 06:40:00,1,3,6,40,3,False
2025-04-10 06:50:00,0,4,6,50,3,False
2025-04-10 07:00:00,1,5,7,0,3,False
2025-04-10 07:10:00,0,6,7,10,3,False
2025-04-10 07:40:00,0,2,7,40,3,False
2025-04-10 07:50:00,0,3,7,50,3,False
2025-04-10 08:00:00,0,4,8,0,3,False
2025-04-10 08:10:00,0,5,8,10,3,False
2025-04-10 08:20:00,0,6,8,20,3,False
2025-04-10 08:50:00,0,2,8,50,3,False
2025-04-10 09:00:00,3,3,9,0,3,False
2025-04-10 09:10:00,2,4,9,10,3,False
2025-04-10 09:20:00,2,5,9,20,3,False
2025-04-10 09:30:00,1,6,9,30,3,False
2025-04-10 10:00:00,0,2,10,0,3,False
2025-04-10 10:10:00,1,3,10,10,3,False
2025-04-10 10:20:00,3,4,10,20,3,False
2025-04-10 10:30:00,1,5,10,30,3,False
2025-04-10 10:40:00,2,6,10,40,3,False
2025-04-10 11:10:00,1,2,11,10,3,False
2025-04-10 11:20:00,2,3,11,20,3,False
2025-04-10 11:30:00,13,4,11,30,3,False
2025-04-10 11:40:00,4,5,11,40,3,False
2025-04-10 11:50:00,10,6,11,50,3,False
2025-04-10 12:20:00,9,2,12,20,3,False
2025-04-10 12:30:00,8,3,12,30,3,False
2025-04-10 12:40:00,48,4,12,40,3,False
2025-04-10 12:50:00,3,5,12,50,3,False
2025-04-10 13:00:00,4,6,13,0,3,False
2025-04-10 13:30:00,0,2,13,30,3,False
2025-04-10 13:40:00,1,3,13,40,3,False
2025-04-10 13:50:00,1,4,13,50,3,False
2025-04-10 14:00:00,19,5,14,0,3,False
2025-04-10 14:10:00,51,6,14,10,3,False
2025-04-10 14:40:00,15,2,14,40,3,False
2025-04-10 14:50:00,0,3,14,50,3,False
2025-04-10 15:00:00,34,4,15,0,3,False
2025-04-10 15:10:00,72,5,15,10,3,False
2025-04-10 15:20:00,1,6,15,20,3,False
2025-04-10 15:50:00,0,2,15,50,3,False
2025-04-10 16:00:00,8,3,16,0,3,False
2025-04-10 16:10:00,38,4,16,10,3,False
2025-04-10 16:20:00,29,5,16,20,3,False
2025-04-10 16:30:00,4,6,16,30,3,False
2025-04-10 17:00:00,67,2,17,0,3,False
2025-04-10 17:10:00,11,3,17,10,3,False
2025-04-10 17:20:00,13,4,17,20,3,False
2025-04-10 17:30:00,3,5,17,30,3,False
2025-04-10 17:40:00,26,6,17,40,3,False
2025-04-10 18:10:00,109,2,18,10,3,False
2025-04-10 18:20:00,78,3,18,20,3,False
2025-04-10 18:30:00,26,4,18,30,3,False
2025-04-10 18:40:00,27,5,18,40,3,False
2025-04-10 18:50:00,23,6,18,50,3,False
2025-04-10 19:20:00,8,2,19,20,3,False
2025-04-10 19:30:00,14,3,19,30,3,False
2025-04-10 19:40:00,11,4,19,40,3,False
2025-04-10 19:50:00,5,5,19,50,3,False
2025-04-10 20:00:00,34,6,20,0,3,False
2025-04-10 20:30:00,10,2,20,30,3,False
2025-04-10 20:40:00,78,3,20,40,3,False
2025-04-10 20:50:00,45,4,20,50,3,False
2025-04-10 21:00:00,17,5,21,0,3,False
2025-04-10 21:10:00,4,6,21,10,3,False
2025-04-10 21:40:00,254,2,21,40,3,False
2025-04-10 21:50:00,133,3,21,50,3,False
2025-04-10 22:00:00,116,4,22,0,3,False
2025-04-10 22:10:00,218,5,22,10,3,False
2025-04-10 22:20:00,391,6,22,20,3,False
2025-04-10 22:50:00,101,2,22,50,3,False
2025-04-10 23:00:00,1,3,23,0,3,False
2025-04-10 23:10:00,315,4,23,10,3,False
2025-04-10 23:20:00,106,5,23,20,3,False
2025-04-10 23:30:00,0,6,23,30,3,False
2025-04-11 00:00:00,0,2,0,0,4,False
2025-04-11 00:10:00,4,3,0,10,4,False
2025-04-11 00:20:00,0,4,0,20,4,False
2025-04-11 00:30:00,0,5,0,30,4,False
2025-04-11 00:40:00,0,6,0,40,4,False
2025-04-11 01:10:00,0,2,1,10,4,False
2025-04-11 01:20:00,0,3,1,20,4,False
2025-04-11 01:30:00,0,4,1,30,4,False
2025-04-11 01:40:00,0,5,1,40,4,False
2025-04-11 01:50:00,0,6,1,50,4,False
2025-04-11 02:20:00,0,2,2,20,4,False
2025-04-11 02:30:00,0,3,2,30,4,False
2025-04-11 02:40:00,0,4,2,40,4,False
2025-04-11 02:50:00,0,5,2,50,4,False
2025-04-11 03:00:00,0,6,3,0,4,False
2025-04-11 03:30:00,0,2,3,30,4,False
2025-04-11 03:40:00,0,3,3,40,4,False
2025-04-11 03:50:00,0,4,3,50,4,False
2025-04-11 04:00:00,0,5,4,0,4,False
2025-04-11 04:10:00,0,6,4,10,4,False
2025-04-11 04:40:00,0,2,4,40,4,False
2025-04-11 04:50:00,0,3,4,50,4,False
2025-04-11 05:00:00,0,4,5,0,4,False
2025-04-11 05:10:00,0,5,5,10,4,False
2025-04-11 05:20:00,0,6,5,20,4,False
2025-04-11 05:50:00,0,2,5,50,4,False
2025-04-11 06:00:00,0,3,6,0,4,False
2025-04-11 06:10:00,0,4,6,10,4,False
2025-04-11 06:20:00,0,5,6,20,4,False
2025-04-11 06:30:00,0,6,6,30,4,False
2025-04-11 07:00:00,0,2,7,0,4,False
2025-04-11 07:10:00,0,3,7,10,4,False
2025-04-11 07:20:00,0,4,7,20,4,False
2025-04-11 07:30:00,11,5,7,30,4,False
2025-04-11 07:40:00,1,6,7,40,4,False
2025-04-11 08:10:00,1,2,8,10,4,False
2025-04-11 08:20:00,1,3,8,20,4,False
2025-04-11 08:30:00,0,4,8,30,4,False
2025-04-11 08:40:00,0,5,8,40,4,False
2025-04-11 08:50:00,2,6,8,50,4,False
2025-04-11 09:20:00,1,2,9,20,4,False
2025-04-11 09:30:00,0,3,9,30,4,False
2025-04-11 09:40:00,1,4,9,40,4,False
2025-04-11 09:50:00,1,5,9,50,4,False
2025-04-11 10:00:00,135,6,10,0,4,False
2025-04-11 10:30:00,423,2,10,30,4,False
2025-04-11 10:40:00,435,3,10,40,4,False
2025-04-11 10:50:00,141,4,10,50,4,False
2025-04-11 11:00:00,71,5,11,0,4,False
2025-04-11 11:10:00,34,6,11,10,4,False
2025-04-11 11:40:00,3,2,11,40,4,False
2025-04-11 11:50:00,15,3,11,50,4,False
2025-04-11 12:00:00,2,4,12,0,4,False
2025-04-11 12:10:00,3,5,12,10,4,False
2025-04-11 12:20:00,5,6,12,20,4,False
2025-04-11 12:50:00,4,2,12,50,4,False
2025-04-11 13:00:00,2,3,13,0,4,False
2025-04-11 13:10:00,4,4,13,10,4,False
2025-04-11 13:20:00,1,5,13,20,4,False
2025-04-11 13:30:00,2,6,13,30,4,False
2025-04-11 14:00:00,0,2,14,0,4,False
2025-04-11 14:10:00,0,3,14,10,4,False
2025-04-11 14:20:00,0,4,14,20,4,False
2025-04-11 14:30:00,1,5,14,30,4,False
2025-04-11 14:40:00,0,6,14,40,4,False
2025-04-11 15:10:00,0,2,15,10,4,False
2025-04-11 15:20:00,0,3,15,20,4,False
2025-04-11 15:30:00,39,4,15,30,4,False
2025-04-11 15:40:00,1,5,15,40,4,False
2025-04-11 15:50:00,1,6,15,50,4,False
2025-04-11 16:20:00,0,2,16,20,4,False
2025-04-11 16:30:00,1,3,16,30,4,False
2025-04-11 16:40:00,1,4,16,40,4,False
2025-04-11 16:50:00,0,5,16,50,4,False
2025-04-11 17:00:00,0,6,17,0,4,False
2025-04-11 17:30:00,10,2,17,30,4,False
2025-04-11 17:40:00,3,3,17,40,4,False
2025-04-11 17:50:00,6,4,17,50,4,False
2025-04-11 18:00:00,0,5,18,0,4,False
2025-04-11 18:10:00,0,6,18,10,4,False
2025-04-11 18:40:00,3,2,18,40,4,False
2025-04-11 18:50:00,2,3,18,50,4,False
2025-04-11 19:00:00,228,4,19,0,4,False
2025-04-11 19:10:00,3,5,19,10,4,False
2025-04-11 19:20:00,2,6,19,20,4,False
2025-04-11 19:50:00,0,2,19,50,4,False
2025-04-11 20:00:00,0,3,20,0,4,False
2025-04-11 20:10:00,0,4,20,10,4,False
2025-04-11 20:20:00,0,5,20,20,4,False
2025-04-11 20:30:00,0,6,20,30,4,False
2025-04-11 21:00:00,0,2,21,0,4,False
2025-04-11 21:10:00,1,3,21,10,4,False
2025-04-11 21:20:00,0,4,21,20,4,False
2025-04-11 21:30:00,0,5,21,30,4,False
2025-04-11 21:40:00,0,6,21,40,4,False
2025-04-11 22:10:00,0,2,22,10,4,False
2025-04-11 22:20:00,0,3,22,20,4,False
2025-04-11 22:30:00,0,4,22,30,4,False
2025-04-11 22:40:00,0,5,22,40,4,False
2025-04-11 22:50:00,0,6,22,50,4,False
2025-04-11 23:20:00,0,2,23,20,4,False
2025-04-11 23:30:00,0,3,23,30,4,False
2025-04-11 23:40:00,0,4,23,40,4,False
2025-04-11 23:50:00,0,5,23,50,4,False
2025-04-12 00:00:00,0,6,0,0,5,True
2025-04-12 00:30:00,0,2,0,30,5,True
2025-04-12 00:40:00,0,3,0,40,5,True
2025-04-12 00:50:00,0,4,0,50,5,True
2025-04-12 01:00:00,0,5,1,0,5,True
2025-04-12 01:10:00,0,6,1,10,5,True
2025-04-12 01:40:00,0,2,1,40,5,True
2025-04-12 01:50:00,0,3,1,50,5,True
2025-04-12 02:00:00,0,4,2,0,5,True
2025-04-12 02:10:00,0,5,2,10,5,True
2025-04-12 02:20:00,0,6,2,20,5,True
2025-04-12 02:50:00,0,2,2,50,5,True
2025-04-12 03:00:00,0,3,3,0,5,True
2025-04-12 03:10:00,0,4,3,10,5,True
2025-04-12 03:20:00,0,5,3,20,5,True
2025-04-12 03:30:00,0,6,3,30,5,True
2025-04-12 04:00:00,0,2,4,0,5,True
2025-04-12 04:10:00,0,3,4,10,5,True
2025-04-12 04:20:00,0,4,4,20,5,True
2025-04-12 04:30:00,0,5,4,30,5,True
2025-04-12 04:40:00,0,6,4,40,5,True
2025-04-12 05:10:00,0,2,5,10,5,True
2025-04-12 05:20:00,0,3,5,20,5,True
2025-04-12 05:30:00,0,4,5,30,5,True
2025-04-12 05:40:00,0,5,5,40,5,True
2025-04-12 05:50:00,0,6,5,50,5,True
2025-04-12 06:20:00,0,2,6,20,5,True
2025-04-12 06:30:00,0,3,6,30,5,True
2025-04-12 06:40:00,0,4,6,40,5,True
2025-04-12 06:50:00,0,5,6,50,5,True
2025-04-12 07:00:00,0,6,7,0,5,True
2025-04-12 07:30:00,0,2,7,30,5,True
2025-04-12 07:40:00,0,3,7,40,5,True
2025-04-12 07:50:00,0,4,7,50,5,True
2025-04-12 08:00:00,0,5,8,0,5,True
2025-04-12 08:10:00,0,6,8,10,5,True
2025-04-12 08:40:00,0,2,8,40,5,True
2025-04-12 08:50:00,0,3,8,50,5,True
2025-04-12 09:00:00,0,4,9,0,5,True
2025-04-12 09:10:00,0,5,9,10,5,True
2025-04-12 09:20:00,0,6,9,20,5,True
2025-04-12 09:50:00,0,2,9,50,5,True
2025-04-12 10:00:00,0,3,10,0,5,True
2025-04-12 10:10:00,0,4,10,10,5,True
2025-04-12 10:20:00,0,5,10,20,5,True
2025-04-12 10:30:00,0,6,10,30,5,True
2025-04-12 11:00:00,0,2,11,0,5,True
2025-04-12 11:10:00,0,3,11,10,5,True
2025-04-12 11:20:00,0,4,11,20,5,True
2025-04-12 11:30:00,0,5,11,30,5,True
2025-04-12 11:40:00,0,6,11,40,5,True
2025-04-12 12:10:00,0,2,12,10,5,True
2025-04-12 12:20:00,0,3,12,20,5,True
2025-04-12 12:30:00,0,4,12,30,5,True
2025-04-12 12:40:00,0,5,12,40,5,True
2025-04-12 12:50:00,13,6,12,50,5,True
2025-04-12 13:20:00,16,2,13,20,5,True
2025-04-12 13:30:00,16,3,13,30,5,True
2025-04-12 13:40:00,5,4,13,40,5,True
2025-04-12 13:50:00,2,5,13,50,5,True
2025-04-12 14:00:00,6,6,14,0,5,True
